<?xml version="1.0"?>
<!--
   Copyright 2001-2004 The Apache Software Foundation

   Licensed under the Apache License, Version 2.0 (the "License");
   you may not use this file except in compliance with the License.
   You may obtain a copy of the License at

       http://www.apache.org/licenses/LICENSE-2.0

   Unless required by applicable law or agreed to in writing, software
   distributed under the License is distributed on an "AS IS" BASIS,
   WITHOUT WARRANTIES OR CONDITIONS OF ANY KIND, either express or implied.
   See the License for the specific language governing permissions and
   limitations under the License.
-->
<project>
  <pomVersion>3</pomVersion>
  
  <id>commons-dbcp</id>
  <inceptionYear>2001</inceptionYear>
  <currentVersion>1.2</currentVersion>
  <name>Commons DBCP</name>
  <shortDescription>Commons Database Connection Pooling</shortDescription>
  <description>Commons Database Connection Pooling</description>
  <logo>/images/dbcp-logo-white.png</logo>
  
  <url>http://jakarta.apache.org/commons/${pom.artifactId.substring(8)}/</url>
  <package>org.apache.commons.${pom.artifactId.substring(8)}</package>

  <organization>
    <name>The Apache Software Foundation</name>
    <url>http://jakarta.apache.org</url>
    <logo>http://jakarta.apache.org/images/jakarta-logo.gif</logo>
  </organization>

  <licenses>
	<license>
    	<name>The Apache Software License, Version 2.0</name>
    	<url>/LICENSE.txt</url>
    	<distribution>repo</distribution>
	</license>
  </licenses>
  
  <gumpRepositoryId>jakarta</gumpRepositoryId>
  <issueTrackingUrl>http://issues.apache.org/bugzilla/</issueTrackingUrl>
  <siteAddress>jakarta.apache.org</siteAddress>
  <siteDirectory>/www/jakarta.apache.org/commons/${pom.artifactId.substring(8)}/</siteDirectory>
  <distributionDirectory>/www/jakarta.apache.org/builds/jakarta-commons/${pom.artifactId.substring(8)}/</distributionDirectory>
  
  <repository>
    <connection>scm:cvs:pserver:anoncvs@cvs.apache.org:/home/cvspublic:jakarta-commons/${pom.artifactId.substring(8)}</connection>
    <url>http://cvs.apache.org/viewcvs/jakarta-commons/${pom.artifactId.substring(8)}/</url>
  </repository>
  
  <mailingLists>
    <mailingList>
      <name>Commons Dev List</name>
      <subscribe>commons-dev-subscribe@jakarta.apache.org</subscribe>
      <unsubscribe>commons-dev-unsubscribe@jakarta.apache.org</unsubscribe>
      <archive>http://nagoya.apache.org/eyebrowse/SummarizeList?listName=commons-dev@jakarta.apache.org</archive>
    </mailingList>
    <mailingList>
      <name>Commons User List</name>
      <subscribe>commons-user-subscribe@jakarta.apache.org</subscribe>
      <unsubscribe>commons-user-unsubscribe@jakarta.apache.org</unsubscribe>
      <archive>http://nagoya.apache.org/eyebrowse/SummarizeList?listName=commons-user@jakarta.apache.org</archive>
    </mailingList>
  </mailingLists>
  
  <versions>
    <version>
      <id>1.0</id>
      <name>1.0</name>
      <tag>DBCP_1_0</tag>
    </version>
    <version>
      <id>1.1</id>
      <name>1.1</name>
      <tag>DBCP_1_1</tag>
    </version>
    <version>
      <id>1.2</id>
      <name>1.2</name>
      <tag>DBCP_1_2</tag>
    </version>
  </versions>
  <branches>
  </branches>

  <developers>
    <developer>
      <name>Morgan Delagrange</name>
      <id>morgand</id>
      <email></email>
      <organization></organization>
    </developer>
    <developer>
      <name>Geir Magnusson</name>
      <id>geirm</id>
      <email></email>
      <organization></organization>
    </developer>
    <developer>
      <name>Craig McClanahan</name>
      <id>craigmcc</id>
      <email></email>
      <organization></organization>
    </developer>
    <developer>
      <name>John McNally</name>
      <id>jmcnally</id>
      <email></email>
      <organization></organization>
    </developer>
    <developer>
      <name>Martin Poeschl</name>
      <id>mpoeschl</id>
      <email>mpoeschl@marmot.at</email>
      <organization>tucana.at</organization>
    </developer>
    <developer>
      <name>Rodney Waldhoff</name>
      <id>rwaldhoff</id>
      <email></email>
      <organization></organization>
    </developer>
    <developer>
      <name>David Weinrich</name>
      <id>dweinr1</id>
      <email></email>
      <organization></organization>
    </developer>
    <developer>
      <name>Dirk Verbeeck</name>
      <id>dirkv</id>
      <email></email>
      <organization></organization>
    </developer>
  </developers>
  <contributors>
    <contributor>
      <name>Todd Carmichael</name>
      <email>toddc@concur.com</email>
    </contributor>
    <contributor>
      <name>Wayne Woodfield</name>
    </contributor>
  </contributors>
  
  <dependencies>
    <dependency>
      <id>commons-collections</id>
      <version>2.1</version>
    </dependency>
    <dependency>
      <id>commons-pool</id>
      <version>1.2</version>
    </dependency>
    <dependency>
      <id>jdbc</id>
      <version>2.0</version>
    </dependency>
    <dependency>
      <id>junit</id>
      <version>3.8.1</version>
    </dependency>

    <!-- these two are required by maven -->
    <dependency><id>xml-apis</id><version>2.0.2</version></dependency><!-- actually dbcp's tests need this too -->
    <dependency><id>xerces</id><version>2.0.2</version></dependency>
    <!-- /these two are required by maven -->
  </dependencies>

  <build>
    <nagEmailAddress>commons-dev@jakarta.apache.org</nagEmailAddress>
    <sourceDirectory>src/java</sourceDirectory>
    <unitTestSourceDirectory>src/test</unitTestSourceDirectory>
    <unitTest>
      <includes>
        <include>org/apache/commons/dbcp/TestAbandonedObjectPool.java</include>
        <include>org/apache/commons/jocl/TestJOCLContentHandler.java</include>
        <include>org/apache/commons/dbcp/TestDelegatingConnection.java</include>
        <include>org/apache/commons/dbcp/TestDelegatingPreparedStatement.java</include>
        <include>org/apache/commons/dbcp/TestDelegatingStatement.java</include>
        <include>org/apache/commons/dbcp/TestJOCLed.java</include>
        <include>org/apache/commons/dbcp/TestManual.java</include>

        <include>org/apache/commons/dbcp/TestBasicDataSourceFactory.java</include>
        <include>org/apache/commons/dbcp/TestBasicDataSource.java</include>
        <include>org/apache/commons/dbcp/TestAbandonedBasicDataSource.java</include>
        <include>org/apache/commons/dbcp/TestPStmtPoolingBasicDataSource.java</include>

        <include>org/apache/commons/dbcp/datasources/TestFactory.java</include>
        <include>org/apache/commons/dbcp/datasources/TestPerUserPoolDataSource.java</include>
        <include>org/apache/commons/dbcp/datasources/TestSharedPoolDataSource.java</include>
      </includes>
      <resources>
        <resource>
          <directory>${basedir}/src/test</directory>
          <includes>
            <include>testpool.jocl</include>
          </includes>
        </resource>
      </resources>
    </unitTest>

    <resources>
      <resource>
        <directory>${basedir}/src/test</directory>
        <includes>
          <include>testpool.jocl</include>
        </includes>
      </resource>
      <resource>
        <targetPath>META-INF</targetPath>
        <includes>
          <include>NOTICE.txt</include>
        </includes>
      </resource>
    </resources>
  </build>
  
  <reports>
    <report>maven-changelog-plugin</report>
    <report>maven-changes-plugin</report>
    <report>maven-developer-activity-plugin</report>
    <report>maven-file-activity-plugin</report>
    <report>maven-javadoc-plugin</report>
    <report>maven-jdepend-plugin</report>
    <report>maven-junit-report-plugin</report>
    <report>maven-jxr-plugin</report>
    <report>maven-license-plugin</report>
    <report>maven-tasklist-plugin</report>
  </reports>
  
</project>
